URL,VIN
https://americamotors.com/nissan/rogue/5N1AT2MT1JC756492,5N1AT2MT1JC756492
https://americamotors.com/dodge/avenger/1C3CDZBG6CN253187,1C3CDZBG6CN253187
https://americamotors.com/toyota/corolla/JTNKARJE8HJ539293,JTNKARJE8HJ539293
https://americamotors.com/hyundai/santa/5XYZTDLB0JG542844,5XYZTDLB0JG542844
https://americamotors.com/chevrolet/malibu/1G1ZC5ST7LF104787,1G1ZC5ST7LF104787
https://americamotors.com/dodge/journey/3C4PDCAB2HT559293,3C4PDCAB2HT559293
https://americamotors.com/honda/accord/1HGCP2F40BA143107,1HGCP2F40BA143107
https://americamotors.com/chevrolet/impala/2G1105S3XH9135375,2G1105S3XH9135375
https://americamotors.com/toyota/venza/4T3BK3BB0AU038263,4T3BK3BB0AU038263
https://americamotors.com/honda/cr-v/7FARW2H50KE014281,7FARW2H50KE014281
https://americamotors.com/hyundai/santa/5XYZU3LB9DG107901,5XYZU3LB9DG107901
https://americamotors.com/honda/civic/19XFC2F8XJE002485,19XFC2F8XJE002485
https://americamotors.com/nissan/maxima/1N4AA5AP0EC905411,1N4AA5AP0EC905411
https://americamotors.com/mazda/cx-5/JM3KFBDMXL0804110,JM3KFBDMXL0804110
https://americamotors.com/hyundai/sonata/5NPE24AFXHH538228,5NPE24AFXHH538228
https://americamotors.com/toyota/camry/4T1G11AK6NU018936,4T1G11AK6NU018936
https://americamotors.com/nissan/frontier/1N6AD0ER2FN752369,1N6AD0ER2FN752369
https://americamotors.com/infiniti/qx60/5N1AL0MM5GC514276,5N1AL0MM5GC514276
https://americamotors.com/bmw/3_series/WBA8E1C56JA171698,WBA8E1C56JA171698
https://americamotors.com/hyundai/elantra/5NPD84LF0JH255446,5NPD84LF0JH255446
https://americamotors.com/hyundai/elantra/5NPD84LF0JH255446,5NPD84LF0JH255446
https://americamotors.com/hyundai/elantra/5NPDH4AE2DH388224,5NPDH4AE2DH388224
https://americamotors.com/chevrolet/cruze/1G1BE5SM9J7102129,1G1BE5SM9J7102129
https://americamotors.com/hyundai/sonata/5NPE24AF5GH263219,5NPE24AF5GH263219
https://americamotors.com/toyota/rav4/2T3WFREVXGW258842,2T3WFREVXGW258842
https://americamotors.com/honda/civic/19XFA1F87BE015048,19XFA1F87BE015048
https://americamotors.com/hyundai/santa/5XYZU3LB7DG096722,5XYZU3LB7DG096722
https://americamotors.com/chevrolet/equinox/1GNALCEK7FZ110000,1GNALCEK7FZ110000
https://americamotors.com/ram/1500/1C6RR7MT7HS681839,1C6RR7MT7HS681839
https://americamotors.com/jaguar/f-pace/SADCK2FXXJA320420,SADCK2FXXJA320420
https://americamotors.com/hyundai/accent/3KPC24A63LE121523,3KPC24A63LE121523
https://americamotors.com/chevrolet/silverado/1GCRWAEF3LZ138771,1GCRWAEF3LZ138771
https://americamotors.com/nissan/rogue/5N1AT3CA3MC829145,5N1AT3CA3MC829145
https://americamotors.com/subaru/impreza/JF1GPAC69E8244020,JF1GPAC69E8244020
https://americamotors.com/mitsubishi/mirage/ML32A3HJ9FH046671,ML32A3HJ9FH046671
https://americamotors.com/ford/ecosport/MAJ3S2KE1KC250589,MAJ3S2KE1KC250589
https://americamotors.com/chevrolet/trax/KL7CJLSB4JB675671,KL7CJLSB4JB675671
https://americamotors.com/nissan/rogue/JN8AS5MT2DW522782,JN8AS5MT2DW522782
https://americamotors.com/toyota/avalon/4T1DZ1FB0NU076674,4T1DZ1FB0NU076674
https://americamotors.com/toyota/tacoma/5TFJX4CN4CX014767,5TFJX4CN4CX014767
https://americamotors.com/toyota/avalon/4T1DZ1FB0NU076674,4T1DZ1FB0NU076674
https://americamotors.com/toyota/tacoma/5TFJX4CN4CX014767,5TFJX4CN4CX014767
https://americamotors.com/subaru/crosstrek/JF2GPAKC4G8281952,JF2GPAKC4G8281952
https://americamotors.com/kia/optima/5XXGU4L31GG080806,5XXGU4L31GG080806
https://americamotors.com/honda/accord/1HGCR2F80DA122242,1HGCR2F80DA122242
https://americamotors.com/toyota/prius/JTDKAMFU4N3179835,JTDKAMFU4N3179835
https://americamotors.com/chevrolet/equinox/2GNALBEK5D6200233,2GNALBEK5D6200233
https://americamotors.com/hyundai/genesis/KMHHU6KJ4DU094927,KMHHU6KJ4DU094927
https://americamotors.com/kia/forte/KNAFU6A22D5743301,KNAFU6A22D5743301
https://americamotors.com/dodge/grand/2C4RDGCG9ER120986,2C4RDGCG9ER120986
https://americamotors.com/ford/f150/1FTEW1EGXGFB69563,1FTEW1EGXGFB69563
https://americamotors.com/toyota/tundra/5TFHY5F16LX947421,5TFHY5F16LX947421
https://americamotors.com/dodge/ram/1D7RB1GP5BS547059,1D7RB1GP5BS547059
https://americamotors.com/hyundai/elantra/5NPDH4AE8GH759598,5NPDH4AE8GH759598
https://americamotors.com/toyota/corolla/JTDEPMAE6MJ167207,JTDEPMAE6MJ167207
https://americamotors.com/nissan/altima/1N4AL3AP2EN243351,1N4AL3AP2EN243351
https://americamotors.com/toyota/rav4/JTMZFREV7HJ701560,JTMZFREV7HJ701560
https://americamotors.com/toyota/corolla/2T1BURHE8JC017640,2T1BURHE8JC017640
https://americamotors.com/ford/escape/1FMCU0G6XNUA82214,1FMCU0G6XNUA82214
https://americamotors.com/audi/a6/WAUFGAFC0EN138397,WAUFGAFC0EN138397
https://americamotors.com/audi/a6/WAUFGAFC0EN138397,WAUFGAFC0EN138397
https://americamotors.com/hyundai/elantra/5NPD84LFXLH586747,5NPD84LFXLH586747
https://americamotors.com/dodge/journey/3C4PDCAB7LT280270,3C4PDCAB7LT280270
https://americamotors.com/bmw/5_series/WBAFU9C58CC786897,WBAFU9C58CC786897
https://americamotors.com/ram/1500/1C6RR6LT6GS278235,1C6RR6LT6GS278235
https://americamotors.com/cadillac/cts/1G6AS5SXXE0158166,1G6AS5SXXE0158166
https://americamotors.com/toyota/corolla/5YFBURHE7EP161895,5YFBURHE7EP161895
https://americamotors.com/chevrolet/camaro/2G1FC3D37C9121361,2G1FC3D37C9121361
https://americamotors.com/toyota/camry/4T1G11AK1MU570701,4T1G11AK1MU570701
https://americamotors.com/porsche/macan/WP1AA2A56JLB17183,WP1AA2A56JLB17183
https://americamotors.com/jeep/wrangler/1C4HJXFG4MW537485,1C4HJXFG4MW537485
https://americamotors.com/chevrolet/cruze/1G1PC5SB1E7367868,1G1PC5SB1E7367868
https://americamotors.com/ford/fusion/3FA6P0G72LR112382,3FA6P0G72LR112382
https://americamotors.com/chevrolet/suburban/1GNSCHE04BR391795,1GNSCHE04BR391795
https://americamotors.com/toyota/camry/4T1BF1FK6CU140021,4T1BF1FK6CU140021
https://americamotors.com/nissan/rogue/JN8AT2MT8HW154514,JN8AT2MT8HW154514
https://americamotors.com/honda/odyssey/5FNRL5H63BB073940,5FNRL5H63BB073940
https://americamotors.com/ford/escape/1FMCU0JX7EUC84414,1FMCU0JX7EUC84414
https://americamotors.com/ram/1500/1C6RR6FGXJS304289,1C6RR6FGXJS304289
https://americamotors.com/toyota/scion/JTKJF5C75D3048597,JTKJF5C75D3048597
https://americamotors.com/ram/1500/1C6RR6FGXJS304289,1C6RR6FGXJS304289
https://americamotors.com/toyota/scion/JTKJF5C75D3048597,JTKJF5C75D3048597
https://americamotors.com/toyota/camry/4T1BF1FK9HU777797,4T1BF1FK9HU777797
https://americamotors.com/dodge/challenger/2C3CDZBT9JH160988,2C3CDZBT9JH160988
https://americamotors.com/ram/1500/1C6RR6LTXFS554561,1C6RR6LTXFS554561
https://americamotors.com/nissan/rogue/5N1AT3BA0MC742059,5N1AT3BA0MC742059
https://americamotors.com/nissan/murano/5N1AZ2MJ0KN150734,5N1AZ2MJ0KN150734
https://americamotors.com/audi/q5/WA1C2AFP1GA114055,WA1C2AFP1GA114055
https://americamotors.com/nissan/rogue/KNMAT2MT2HP512180,KNMAT2MT2HP512180
https://americamotors.com/ford/maverick/3FTTW8E95NRA64771,3FTTW8E95NRA64771
https://americamotors.com/ford/maverick/3FTTW8E95NRA64771,3FTTW8E95NRA64771
https://americamotors.com/dodge/grand/2C4RDGBG5KR610547,2C4RDGBG5KR610547
https://americamotors.com/hyundai/veloster/KMHTG6AF1KU009537,KMHTG6AF1KU009537
https://americamotors.com/nissan/maxima/1N4AA5AP0CC840234,1N4AA5AP0CC840234
https://americamotors.com/toyota/camry/4T1B61HK9KU751057,4T1B61HK9KU751057
https://americamotors.com/hyundai/kona/KM8K22AA9MU639316,KM8K22AA9MU639316
https://americamotors.com/kia/optima/5XXGM4A70FG457436,5XXGM4A70FG457436
https://americamotors.com/lexus/rx/2T2ZZMCA4KC126245,2T2ZZMCA4KC126245
https://americamotors.com/chrysler/town/2C4RC1BGXDR742674,2C4RC1BGXDR742674
https://americamotors.com/ford/focus/1FADP3E23GL245706,1FADP3E23GL245706
https://americamotors.com/kia/optima/5XXGR4A73FG513502,5XXGR4A73FG513502
https://americamotors.com/subaru/wrx/JF1VA2V65H9823063,JF1VA2V65H9823063
https://americamotors.com/kia/optima/5XXGT4L33LG394647,5XXGT4L33LG394647
https://americamotors.com/ford/fusion/3FAHP0JA9BR280855,3FAHP0JA9BR280855
https://americamotors.com/toyota/camry/4T1BK1FK6CU006766,4T1BK1FK6CU006766
https://americamotors.com/land_rover/discovery/SALRG2RV3L2422181,SALRG2RV3L2422181
https://americamotors.com/chevrolet/silverado/3GCPWEED0MG427914,3GCPWEED0MG427914
https://americamotors.com/cadillac/escalade/1GYS4BKJ6GR369587,1GYS4BKJ6GR369587
https://americamotors.com/dodge/durango/1C4RDJDG4EC477514,1C4RDJDG4EC477514
https://americamotors.com/volkswagen/atlas/1V2KR2CAXMC538626,1V2KR2CAXMC538626
https://americamotors.com/nissan/370z/JN1AZ4EH7CM563403,JN1AZ4EH7CM563403
https://americamotors.com/honda/civic/19XFC1F97HE010752,19XFC1F97HE010752
https://americamotors.com/nissan/altima/1N4AL3AP8JC201269,1N4AL3AP8JC201269
https://americamotors.com/honda/pilot/5FNYF6H58GB050659,5FNYF6H58GB050659
https://americamotors.com/ford/f150/1FTEW1EGXFFC94125,1FTEW1EGXFFC94125
https://americamotors.com/chevrolet/cruze/1G1PE5SBXF7261320,1G1PE5SBXF7261320
https://americamotors.com/lincoln/mkz/3LN6L2G93DR828367,3LN6L2G93DR828367
https://americamotors.com/toyota/tacoma/5TFAZ5CN0MX113538,5TFAZ5CN0MX113538
https://americamotors.com/ford/f150/1FTEW1E57JKE56419,1FTEW1E57JKE56419
https://americamotors.com/nissan/kicks/3N1CP5CVXML558270,3N1CP5CVXML558270
https://americamotors.com/infiniti/g37/JN1CV6AP6DM724905,JN1CV6AP6DM724905
https://americamotors.com/chevrolet/impala/2G1WC5E36F1154249,2G1WC5E36F1154249
https://americamotors.com/ford/escape/1FMCU0G7XGUA75937,1FMCU0G7XGUA75937
https://americamotors.com/mazda/cx-9/JM3TB2CA3D0405452,JM3TB2CA3D0405452
https://americamotors.com/nissan/frontier/1N6AD0EV3EN770147,1N6AD0EV3EN770147
https://americamotors.com/toyota/rav4/2T3P1RFV1LW107481,2T3P1RFV1LW107481
https://americamotors.com/chevrolet/silverado/3GCPKSE35BG145881,3GCPKSE35BG145881
https://americamotors.com/ford/f150/1FTEX1C56JKF06534,1FTEX1C56JKF06534
https://americamotors.com/jeep/grand/1C4RJEAG9JC485297,1C4RJEAG9JC485297
https://americamotors.com/kia/optima/5XXGT4L37GG037557,5XXGT4L37GG037557
https://americamotors.com/ford/fusion/3FAHP0JA9BR280855,3FAHP0JA9BR280855
https://americamotors.com/toyota/camry/4T1BK1FK6CU006766,4T1BK1FK6CU006766
https://americamotors.com/land_rover/discovery/SALRG2RV3L2422181,SALRG2RV3L2422181
https://americamotors.com/chevrolet/silverado/3GCPWEED0MG427914,3GCPWEED0MG427914
https://americamotors.com/cadillac/escalade/1GYS4BKJ6GR369587,1GYS4BKJ6GR369587
https://americamotors.com/dodge/durango/1C4RDJDG4EC477514,1C4RDJDG4EC477514
https://americamotors.com/volkswagen/atlas/1V2KR2CAXMC538626,1V2KR2CAXMC538626
https://americamotors.com/nissan/370z/JN1AZ4EH7CM563403,JN1AZ4EH7CM563403
https://americamotors.com/honda/civic/19XFC1F97HE010752,19XFC1F97HE010752
https://americamotors.com/nissan/altima/1N4AL3AP8JC201269,1N4AL3AP8JC201269
https://americamotors.com/chevrolet/silverado/3GCPWEED0MG427914,3GCPWEED0MG427914
https://americamotors.com/cadillac/escalade/1GYS4BKJ6GR369587,1GYS4BKJ6GR369587
https://americamotors.com/dodge/durango/1C4RDJDG4EC477514,1C4RDJDG4EC477514
https://americamotors.com/volkswagen/atlas/1V2KR2CAXMC538626,1V2KR2CAXMC538626
https://americamotors.com/nissan/370z/JN1AZ4EH7CM563403,JN1AZ4EH7CM563403
https://americamotors.com/honda/civic/19XFC1F97HE010752,19XFC1F97HE010752
https://americamotors.com/nissan/altima/1N4AL3AP8JC201269,1N4AL3AP8JC201269
https://americamotors.com/honda/pilot/5FNYF6H58GB050659,5FNYF6H58GB050659
https://americamotors.com/ford/f150/1FTEW1EGXFFC94125,1FTEW1EGXFFC94125
https://americamotors.com/chevrolet/cruze/1G1PE5SBXF7261320,1G1PE5SBXF7261320
https://americamotors.com/lincoln/mkz/3LN6L2G93DR828367,3LN6L2G93DR828367
https://americamotors.com/toyota/tacoma/5TFAZ5CN0MX113538,5TFAZ5CN0MX113538
https://americamotors.com/ford/f150/1FTEW1E57JKE56419,1FTEW1E57JKE56419
https://americamotors.com/nissan/kicks/3N1CP5CVXML558270,3N1CP5CVXML558270
https://americamotors.com/infiniti/g37/JN1CV6AP6DM724905,JN1CV6AP6DM724905
https://americamotors.com/chevrolet/impala/2G1WC5E36F1154249,2G1WC5E36F1154249
https://americamotors.com/ford/escape/1FMCU0G7XGUA75937,1FMCU0G7XGUA75937
https://americamotors.com/mazda/cx-9/JM3TB2CA3D0405452,JM3TB2CA3D0405452
https://americamotors.com/nissan/frontier/1N6AD0EV3EN770147,1N6AD0EV3EN770147
https://americamotors.com/toyota/rav4/2T3P1RFV1LW107481,2T3P1RFV1LW107481
https://americamotors.com/toyota/rav4/2T3P1RFV1LW107481,2T3P1RFV1LW107481
https://americamotors.com/chevrolet/silverado/3GCPKSE35BG145881,3GCPKSE35BG145881
https://americamotors.com/ford/f150/1FTEX1C56JKF06534,1FTEX1C56JKF06534
https://americamotors.com/jeep/grand/1C4RJEAG9JC485297,1C4RJEAG9JC485297
https://americamotors.com/kia/optima/5XXGT4L37GG037557,5XXGT4L37GG037557
https://americamotors.com/nissan/murano/5N1AZ2MH6JN137031,5N1AZ2MH6JN137031
https://americamotors.com/honda/fit/3HGGK5G52FM753804,3HGGK5G52FM753804
https://americamotors.com/honda/civic/SHHFK7H52HU208454,SHHFK7H52HU208454
https://americamotors.com/ford/escape/1FMCU9G99EUC24177,1FMCU9G99EUC24177
https://americamotors.com/honda/fit/3HGGK5H79HM712024,3HGGK5H79HM712024
https://americamotors.com/honda/fit/3HGGK5H79HM712024,3HGGK5H79HM712024
https://americamotors.com/jeep/cherokee/1C4PJMCBXGW153024,1C4PJMCBXGW153024
https://americamotors.com/ford/fusion/3FA6P0HD8ER214339,3FA6P0HD8ER214339
https://americamotors.com/ford/edge/2FMDK3KC3DBB37227,2FMDK3KC3DBB37227
https://americamotors.com/honda/accord/1HGCV2F96LA004943,1HGCV2F96LA004943
https://americamotors.com/cadillac/ct6/1G6KB5RS5JU152311,1G6KB5RS5JU152311
https://americamotors.com/hyundai/sonata/5NPEF4JAXLH025806,5NPEF4JAXLH025806
https://americamotors.com/toyota/corolla/5YFBURHE2HP635286,5YFBURHE2HP635286
https://americamotors.com/audi/a5/WAUMFAFR8DA071309,WAUMFAFR8DA071309
https://americamotors.com/ford/escape/1FMCU9H99DUD93032,1FMCU9H99DUD93032
https://americamotors.com/chrysler/200/1C3CCBCG3DN602705,1C3CCBCG3DN602705
https://americamotors.com/kia/forte/KNAFX4A64G5557939,KNAFX4A64G5557939
https://americamotors.com/infiniti/g37/JN1CV6FE1CM200969,JN1CV6FE1CM200969
https://americamotors.com/mitsubishi/outlander/JA4AR3AU1LU021282,JA4AR3AU1LU021282
https://americamotors.com/ford/f150/1FTFX1EF8FKE49948,1FTFX1EF8FKE49948
https://americamotors.com/bmw/m2/WBA2J7C04M7H08064,WBA2J7C04M7H08064
https://americamotors.com/honda/accord/1HGCR3F83DA011822,1HGCR3F83DA011822
https://americamotors.com/chevrolet/malibu/1G1ZE5ST6HF123672,1G1ZE5ST6HF123672
https://americamotors.com/dodge/durango/1C4RDJEG5EC314725,1C4RDJEG5EC314725
https://americamotors.com/ram/2500/3C6TR4HT5EG151645,3C6TR4HT5EG151645
https://americamotors.com/jeep/cherokee/1C4PJMASXHW616266,1C4PJMASXHW616266
https://americamotors.com/ford/fusion/3FA6P0T99GR128530,3FA6P0T99GR128530
https://americamotors.com/jeep/cherokee/1C4PJLCX9KD474207,1C4PJLCX9KD474207
https://americamotors.com/ford/explorer/1FM5K8DH6HGA65898,1FM5K8DH6HGA65898
https://americamotors.com/mazda/3/JM1BL1TG6D1729232,JM1BL1TG6D1729232
https://americamotors.com/chrysler/town/2C4RC1GG1ER198527,2C4RC1GG1ER198527
https://americamotors.com/mercedesbenz/gle/4JGFD6BB8MA375792,4JGFD6BB8MA375792
https://americamotors.com/volkswagen/beetle/3VW4A7AT7CM644528,3VW4A7AT7CM644528
https://americamotors.com/lexus/rx/2T2BK1BA2AC037066,2T2BK1BA2AC037066
https://americamotors.com/chevrolet/impala/2G1WB5E38D1186359,2G1WB5E38D1186359
https://americamotors.com/chevrolet/trailblazer/KL79MSSL7MB024012,KL79MSSL7MB024012
https://americamotors.com/ford/expedition/1FMJK1KT7KEA52853,1FMJK1KT7KEA52853
https://americamotors.com/infiniti/qx30/SJKCH5CP9HA030175,SJKCH5CP9HA030175
https://americamotors.com/chrysler/200/1C3CCCAB5GN156560,1C3CCCAB5GN156560
https://americamotors.com/ford/edge/2FMDK4KC7BBA70487,2FMDK4KC7BBA70487
https://americamotors.com/volkswagen/atlas/1V2FR2CAXJC578279,1V2FR2CAXJC578279
https://americamotors.com/volkswagen/golf/WVWDB7AJ6EW007339,WVWDB7AJ6EW007339
https://americamotors.com/dodge/charger/2C3CDXCT8CH120536,2C3CDXCT8CH120536
https://americamotors.com/chevrolet/trax/3GNCJLSB7LL300997,3GNCJLSB7LL300997
https://americamotors.com/mazda/cx-9/JM3TB2DA4E0439660,JM3TB2DA4E0439660
https://americamotors.com/toyota/corolla/5YFBU4EE9CP038846,5YFBU4EE9CP038846
https://americamotors.com/hyundai/elantra/5NPD74LF6KH494911,5NPD74LF6KH494911
https://americamotors.com/chevrolet/suburban/1GNSKJE38BR179003,1GNSKJE38BR179003
https://americamotors.com/infiniti/qx60/5N1AL0MN6FC539873,5N1AL0MN6FC539873
https://americamotors.com/toyota/avalon/4T1BK1EB2GU227837,4T1BK1EB2GU227837
https://americamotors.com/ford/explorer/1FMSK7FH7LGC00129,1FMSK7FH7LGC00129
https://americamotors.com/hyundai/sonata/5NPEB4AC7DH752366,5NPEB4AC7DH752366
https://americamotors.com/chevrolet/hhr/3GNBABDB8AS539383,3GNBABDB8AS539383
https://americamotors.com/bmw/x5/5UXCR6C09L9D08321,5UXCR6C09L9D08321
https://americamotors.com/hyundai/santa/5XYZT3LB0DG097519,5XYZT3LB0DG097519
https://americamotors.com/chevrolet/volt/1G1RB6E45CU104294,1G1RB6E45CU104294
https://americamotors.com/volkswagen/jetta/3VWDX7AJXDM370000,3VWDX7AJXDM370000
https://americamotors.com/volkswagen/passat/1VWBT7A37HC017712,1VWBT7A37HC017712
https://americamotors.com/volkswagen/jetta/3VWRX7AJ6AM053445,3VWRX7AJ6AM053445
https://americamotors.com/cadillac/srx/3GYFNFE3XCS563663,3GYFNFE3XCS563663
https://americamotors.com/jeep/grand/1C4RJFBG4KC658634,1C4RJFBG4KC658634
https://americamotors.com/bmw/3_series/WBA3B3C57DJ811856,WBA3B3C57DJ811856
https://americamotors.com/ford/fusion/3FA6P0HD5KR107759,3FA6P0HD5KR107759
https://americamotors.com/infiniti/m37/JN1BY1AR8BM376335,JN1BY1AR8BM376335
https://americamotors.com/toyota/tundra/5TFRY5F16AX091216,5TFRY5F16AX091216
https://americamotors.com/infiniti/m37/JN1BY1AR8BM376335,JN1BY1AR8BM376335
https://americamotors.com/toyota/tundra/5TFRY5F16AX091216,5TFRY5F16AX091216
https://americamotors.com/volkswagen/tiguan/3VV3B7AX5MM091816,3VV3B7AX5MM091816
https://americamotors.com/toyota/highlander/5TDDZRFH9JS856677,5TDDZRFH9JS856677
https://americamotors.com/ford/f150/1FTEW1CP9FKE20422,1FTEW1CP9FKE20422
https://americamotors.com/hyundai/sonata/5NPEC4ACXDH780885,5NPEC4ACXDH780885
https://americamotors.com/acura/rdx/5J8TB4H76HL008129,5J8TB4H76HL008129
https://americamotors.com/ram/1500/1C6RREFT0LN357477,1C6RREFT0LN357477
https://americamotors.com/honda/civic/19XFC1F7XHE214055,19XFC1F7XHE214055
https://americamotors.com/nissan/titan/1N6AA1E58KN500311,1N6AA1E58KN500311
https://americamotors.com/toyota/prius/JTDKN3DU9D5690347,JTDKN3DU9D5690347
https://americamotors.com/lincoln/mkz/3LNHL2GC9BR772260,3LNHL2GC9BR772260
https://americamotors.com/honda/civic/SHHFK7H22JU219871,SHHFK7H22JU219871
https://americamotors.com/jeep/grand/1C4RJFBG5LC324887,1C4RJFBG5LC324887
https://americamotors.com/bmw/m3/WBS8M9C50J5K99733,WBS8M9C50J5K99733
https://americamotors.com/toyota/scion/JTKJF5C72C3030511,JTKJF5C72C3030511
https://americamotors.com/kia/soul/KNDJN2A27F7811845,KNDJN2A27F7811845
https://americamotors.com/nissan/nv/5BZAF0AA1LN851872,5BZAF0AA1LN851872
https://americamotors.com/hyundai/elantra/5NPD84LFXJH342092,5NPD84LFXJH342092
https://americamotors.com/infiniti/qx50/3PCAJ5M10KF126834,3PCAJ5M10KF126834
https://americamotors.com/acura/rdx/5J8TB1H29BA005523,5J8TB1H29BA005523
https://americamotors.com/mazda/6/1YVHZ8BH7B5M21935,1YVHZ8BH7B5M21935
https://americamotors.com/nissan/murano/5N1AZ2MG6FN289731,5N1AZ2MG6FN289731
https://americamotors.com/chevrolet/trax/KL7CJPSB0MB351001,KL7CJPSB0MB351001
https://americamotors.com/toyota/rav4/2T3A1RFV6LC076980,2T3A1RFV6LC076980
https://americamotors.com/kia/optima/5XXGN4A73EG277735,5XXGN4A73EG277735
https://americamotors.com/toyota/prius/JTDKDTB3XC1019966,JTDKDTB3XC1019966
https://americamotors.com/subaru/outback/4S4BSETC3J3250463,4S4BSETC3J3250463
https://americamotors.com/nissan/altima/1N4AL3AP1DN425654,1N4AL3AP1DN425654
https://americamotors.com/dodge/charger/2C3CDXHG0KH512436,2C3CDXHG0KH512436
https://americamotors.com/honda/odyssey/5FNRL5H31GB090135,5FNRL5H31GB090135
https://americamotors.com/toyota/rav4/2T3BFREVXFW299985,2T3BFREVXFW299985
https://americamotors.com/ford/f150/1FTEW1CP7FKD76906,1FTEW1CP7FKD76906
https://americamotors.com/infiniti/qx56/JN8AZ2NE8C9017823,JN8AZ2NE8C9017823
https://americamotors.com/chevrolet/hhr/3GNBABFW4BS617353,3GNBABFW4BS617353
https://americamotors.com/mitsubishi/outlander/JA4AD2A38JZ015933,JA4AD2A38JZ015933
https://americamotors.com/toyota/rav4/2T3RFREV4HW600932,2T3RFREV4HW600932
https://americamotors.com/nissan/altima/1N4AL3AP5JC197780,1N4AL3AP5JC197780
https://americamotors.com/ford/explorer/1FM5K7BH4HGC04925,1FM5K7BH4HGC04925
https://americamotors.com/ford/escape/1FMCU9EG3CKA18587,1FMCU9EG3CKA18587
https://americamotors.com/ford/escape/1FMCU9EG3CKA18587,1FMCU9EG3CKA18587
https://americamotors.com/audi/q7/WA1DGAFE4FD020995,WA1DGAFE4FD020995
https://americamotors.com/hyundai/elantra/5NPD74LF8KH454118,5NPD74LF8KH454118
https://americamotors.com/nissan/armada/5N1BA0NF0CN612611,5N1BA0NF0CN612611
https://americamotors.com/chevrolet/malibu/1G1ZD5ST7LF057807,1G1ZD5ST7LF057807
https://americamotors.com/nissan/rogue/KNMAT2MV1HP542921,KNMAT2MV1HP542921
https://americamotors.com/jeep/cherokee/1C4PJMCS7FW578389,1C4PJMCS7FW578389
https://americamotors.com/dodge/grand/2C4RDGEG6HR673855,2C4RDGEG6HR673855
https://americamotors.com/chevrolet/express/1GAWGFFG4G1324336,1GAWGFFG4G1324336
https://americamotors.com/nissan/frontier/1N6AD0EV3JN740060,1N6AD0EV3JN740060
https://americamotors.com/nissan/armada/JN8AY2ND5LX015744,JN8AY2ND5LX015744
https://americamotors.com/chrysler/200/1C3CCBBB1DN541876,1C3CCBBB1DN541876
https://americamotors.com/ford/focus/1FAHP3FN8BW103000,1FAHP3FN8BW103000
https://americamotors.com/chevrolet/tahoe/1GNSCBE0XBR376683,1GNSCBE0XBR376683
https://americamotors.com/ford/fusion/3FA6P0K94GR258605,3FA6P0K94GR258605
https://americamotors.com/toyota/rav4/JTMBFREV7GD187255,JTMBFREV7GD187255
https://americamotors.com/nissan/sentra/3N1AB7AP4KY312594,3N1AB7AP4KY312594
https://americamotors.com/ford/escape/1FMCU0J96HUE47026,1FMCU0J96HUE47026
https://americamotors.com/chevrolet/malibu/1G11C5SL5FF239655,1G11C5SL5FF239655
https://americamotors.com/ford/fusion/1FA6P0H79E5357362,1FA6P0H79E5357362
https://americamotors.com/jeep/cherokee/1C4PJMCBXGW199985,1C4PJMCBXGW199985
https://americamotors.com/ford/f150/1FTEW1EF4GKF62389,1FTEW1EF4GKF62389
https://americamotors.com/chevrolet/impala/2G1WC5E38C1217217,2G1WC5E38C1217217
https://americamotors.com/honda/insight/19XZE4F12KE010863,19XZE4F12KE010863
https://americamotors.com/nissan/rogue/JN8AS5MV9AW147664,JN8AS5MV9AW147664
https://americamotors.com/infiniti/qx60/5N1AL0MN1EC505693,5N1AL0MN1EC505693
https://americamotors.com/volkswagen/tiguan/3VV1B7AX4LM117649,3VV1B7AX4LM117649
https://americamotors.com/mazda/cx-5/JM3KFBDM6J0463835,JM3KFBDM6J0463835
https://americamotors.com/volkswagen/passat/1VWBN7A35EC035972,1VWBN7A35EC035972
https://americamotors.com/kia/soul/KNDJP3A55H7440956,KNDJP3A55H7440956
https://americamotors.com/ram/2500/3C6UR5CL9EG289738,3C6UR5CL9EG289738
https://americamotors.com/hyundai/elantra/KMHD84LF3JU508244,KMHD84LF3JU508244
https://americamotors.com/subaru/forester/JF2SHBBC5BH762749,JF2SHBBC5BH762749
https://americamotors.com/mercedesbenz/cla/WDDSJ4GB7GN309052,WDDSJ4GB7GN309052
https://americamotors.com/ford/fusion/3FA6P0CD9LR117588,3FA6P0CD9LR117588
https://americamotors.com/nissan/altima/1N4BL2AP4CC155599,1N4BL2AP4CC155599
https://americamotors.com/honda/accord/1HGCR2F3XFA237907,1HGCR2F3XFA237907
https://americamotors.com/ford/expedition/1FMJK1HT0HEA35540,1FMJK1HT0HEA35540
https://americamotors.com/chevrolet/sonic/1G1JE6SBXF4209554,1G1JE6SBXF4209554
https://americamotors.com/hyundai/sonata/5NPE24AF7FH179000,5NPE24AF7FH179000
https://americamotors.com/ford/escape/1FMCU0GD6JUD41225,1FMCU0GD6JUD41225
https://americamotors.com/chevrolet/silverado/1GCRYCEF0KZ216945,1GCRYCEF0KZ216945
https://americamotors.com/ford/f150/1FTEW1EF1GFB54635,1FTEW1EF1GFB54635
https://americamotors.com/nissan/altima/1N4AL3AP7GC127710,1N4AL3AP7GC127710
https://americamotors.com/mazda/mx-5/JM1NC2FF5A0211569,JM1NC2FF5A0211569
https://americamotors.com/kia/soul/KNDJ23AU4L7043480,KNDJ23AU4L7043480
https://americamotors.com/chevrolet/silverado/1GCPABEK3NZ562852,1GCPABEK3NZ562852
https://americamotors.com/ford/fiesta/3FADP4AJXEM171635,3FADP4AJXEM171635
https://americamotors.com/ram/1500/1C6RR6PT2HS670933,1C6RR6PT2HS670933
https://americamotors.com/honda/pilot/5FNYF4H47CB073937,5FNYF4H47CB073937
https://americamotors.com/hyundai/sonata/5NPEB4AC3DH671929,5NPEB4AC3DH671929
https://americamotors.com/mercedesbenz/gla/WDCTG4GB5KJ642471,WDCTG4GB5KJ642471
https://americamotors.com/toyota/tacoma/3TMCZ5AN6KM200665,3TMCZ5AN6KM200665
https://americamotors.com/cadillac/cts/1G6AX5SX5J0180328,1G6AX5SX5J0180328
https://americamotors.com/hyundai/elantra/KMHDH4AE5CU353726,KMHDH4AE5CU353726
https://americamotors.com/honda/accord/1HGCV3F99LA003789,1HGCV3F99LA003789
https://americamotors.com/honda/insight/JHMZE2H70AS018640,JHMZE2H70AS018640
https://americamotors.com/hyundai/elantra/5NPD84LF8JH391064,5NPD84LF8JH391064
https://americamotors.com/dodge/grand/2C4RDGBG9JR133975,2C4RDGBG9JR133975
https://americamotors.com/ford/f150/1FTEW1EP5GFB72953,1FTEW1EP5GFB72953
https://americamotors.com/chevrolet/impala/2G1WB5E39E1150360,2G1WB5E39E1150360
https://americamotors.com/nissan/juke/JN8AF5MR4DT222767,JN8AF5MR4DT222767
https://americamotors.com/kia/soul/KNDJP3A52J7554287,KNDJP3A52J7554287
https://americamotors.com/ford/fusion/3FA6P0H76ER200806,3FA6P0H76ER200806
https://americamotors.com/nissan/rogue/5N1AT2MV5JC756576,5N1AT2MV5JC756576
https://americamotors.com/ford/escape/1FMCU0F78GUB47381,1FMCU0F78GUB47381
https://americamotors.com/toyota/camry/4T4BF3EK8BR117342,4T4BF3EK8BR117342
https://americamotors.com/ford/focus/1FADP3F23JL316764,1FADP3F23JL316764
https://americamotors.com/ford/escape/1FMCU0GX0EUD09838,1FMCU0GX0EUD09838
https://americamotors.com/honda/pilot/5FNYF6H15HB061830,5FNYF6H15HB061830
https://americamotors.com/hyundai/elantra/KMHD74LF4JU607514,KMHD74LF4JU607514
https://americamotors.com/hyundai/elantra/5NPDH4AE4BH007051,5NPDH4AE4BH007051
https://americamotors.com/ford/f150/1FTEW1EP2HKD84931,1FTEW1EP2HKD84931
https://americamotors.com/chrysler/town/2A4RR8DX7AR339195,2A4RR8DX7AR339195
https://americamotors.com/lexus/es/JTHBW1GG1D2003207,JTHBW1GG1D2003207
https://americamotors.com/audi/q5/WA1L2AFP8GA084150,WA1L2AFP8GA084150
https://americamotors.com/chevrolet/cruze/1G1BC5SM6G7259485,1G1BC5SM6G7259485
https://americamotors.com/ford/ecosport/MAJ6S3JLXLC389902,MAJ6S3JLXLC389902
https://americamotors.com/chevrolet/impala/1G11Z5S33KU119485,1G11Z5S33KU119485
https://americamotors.com/honda/accord/1HGCT2B8XEA002103,1HGCT2B8XEA002103
https://americamotors.com/honda/accord/1HGCR2F55EA144194,1HGCR2F55EA144194
https://americamotors.com/toyota/sienna/5TDXK3DC0CS207469,5TDXK3DC0CS207469
https://americamotors.com/chevrolet/cruze/1G1PB5SH7E7102444,1G1PB5SH7E7102444
https://americamotors.com/dodge/charger/2B3CA5CT5AH129198,2B3CA5CT5AH129198
https://americamotors.com/dodge/charger/2C3CDXBG4KH745745,2C3CDXBG4KH745745
https://americamotors.com/hyundai/elantra/KMHDH4AE1BU107464,KMHDH4AE1BU107464
https://americamotors.com/subaru/impreza/JF1GJAS60FH009011,JF1GJAS60FH009011
https://americamotors.com/toyota/corolla/5YFBU4EE4DP086188,5YFBU4EE4DP086188
https://americamotors.com/ford/explorer/1FM5K8GT8FGB80919,1FM5K8GT8FGB80919
https://americamotors.com/cadillac/escalade/1GYS4HKJ9GR200991,1GYS4HKJ9GR200991
https://americamotors.com/kia/soul/KNDJP3A53K7640337,KNDJP3A53K7640337
https://americamotors.com/cadillac/ats/1G6AG5RX5F0103049,1G6AG5RX5F0103049
https://americamotors.com/honda/cr-v/5J6RM3H3XCL022953,5J6RM3H3XCL022953
https://americamotors.com/audi/a5/WAUWFAFR9CA002992,WAUWFAFR9CA002992
https://americamotors.com/ford/escape/1FMCU9DG6AKB08234,1FMCU9DG6AKB08234
https://americamotors.com/chevrolet/suburban/1GNSCKKC9FR621395,1GNSCKKC9FR621395
https://americamotors.com/ford/escape/1FMCU9J9XHUD19764,1FMCU9J9XHUD19764
https://americamotors.com/subaru/outback/4S4BSANC9H3274864,4S4BSANC9H3274864
https://americamotors.com/ram/2500/3C6MR4AJ6JG282221,3C6MR4AJ6JG282221
https://americamotors.com/chevrolet/colorado/1GCDSCFEXC8107756,1GCDSCFEXC8107756
https://americamotors.com/honda/civic/SHHFK7H65LU200219,SHHFK7H65LU200219
https://americamotors.com/volvo/xc90/YV4982CT2A1548687,YV4982CT2A1548687
https://americamotors.com/toyota/venza/4T3BA3BB3AU016471,4T3BA3BB3AU016471
https://americamotors.com/chevrolet/silverado/1GC4YNEY1MF235757,1GC4YNEY1MF235757
https://americamotors.com/volkswagen/jetta/3VWD07AJ7FM224614,3VWD07AJ7FM224614
https://americamotors.com/ford/f150/1FTEX1CB3KKE12943,1FTEX1CB3KKE12943
https://americamotors.com/honda/cr-v/2HKRM4H55FH629607,2HKRM4H55FH629607
https://americamotors.com/nissan/sentra/3N1AB8DV5MY229503,3N1AB8DV5MY229503
https://americamotors.com/hyundai/veloster/KMHTC6AD0HU316247,KMHTC6AD0HU316247
https://americamotors.com/bmw/x1/WBAVM1C56FVW58681,WBAVM1C56FVW58681
https://americamotors.com/kia/sedona/KNDMG4C72C6441661,KNDMG4C72C6441661
https://americamotors.com/chevrolet/impala/2G11Z5S34K9107181,2G11Z5S34K9107181
https://americamotors.com/honda/pilot/5FNYF3H91DB023140,5FNYF3H91DB023140
https://americamotors.com/honda/civic/19XFC2F76GE019204,19XFC2F76GE019204
https://americamotors.com/kia/soul/KNDJN2A22G7851316,KNDJN2A22G7851316
https://americamotors.com/ram/2500/3C6UR5CL5FG511404,3C6UR5CL5FG511404
https://americamotors.com/jeep/wrangler/1C4HJWFG6DL514849,1C4HJWFG6DL514849
https://americamotors.com/audi/a6/WAUBGAFC3CN006665,WAUBGAFC3CN006665
https://americamotors.com/ford/f250/1FT7W2B63CEB78468,1FT7W2B63CEB78468
https://americamotors.com/audi/a3/WAUAUDGY0NA093760,WAUAUDGY0NA093760
https://americamotors.com/nissan/murano/JN8AZ1MU6DW204418,JN8AZ1MU6DW204418
https://americamotors.com/bmw/x3/5UXTY3C01L9B48629,5UXTY3C01L9B48629
https://americamotors.com/dodge/grand/2C4RDGBGXCR138783,2C4RDGBGXCR138783
https://americamotors.com/ford/ecosport/MAJ6S3KL3LC354181,MAJ6S3KL3LC354181
https://americamotors.com/nissan/altima/1N4AL2AP5CC172732,1N4AL2AP5CC172732
https://americamotors.com/volkswagen/jetta/3VWPL7AJ5DM661576,3VWPL7AJ5DM661576
https://americamotors.com/toyota/tacoma/5TFCZ5AN7KX210051,5TFCZ5AN7KX210051
https://americamotors.com/toyota/tacoma/3TMCZ5AN9LM366356,3TMCZ5AN9LM366356
https://americamotors.com/cadillac/xts/2G61N5S39H9149974,2G61N5S39H9149974
https://americamotors.com/hyundai/elantra/5NPD84LF0LH561260,5NPD84LF0LH561260
https://americamotors.com/dodge/charger/2C3CDXBG5DH706651,2C3CDXBG5DH706651
https://americamotors.com/honda/accord/1HGCR6F5XEA001510,1HGCR6F5XEA001510
https://americamotors.com/chevrolet/trax/KL7CJRSB5FB081181,KL7CJRSB5FB081181
https://americamotors.com/hyundai/sonata/5NPEC4AC0BH292817,5NPEC4AC0BH292817
https://americamotors.com/hyundai/tucson/KM8J23A44KU894142,KM8J23A44KU894142
https://americamotors.com/chrysler/pacifica/2C4RC1GG5JR168635,2C4RC1GG5JR168635
https://americamotors.com/nissan/altima/1N4AL3AP7GC191603,1N4AL3AP7GC191603
https://americamotors.com/chevrolet/cruze/1G1PF5SCXC7238847,1G1PF5SCXC7238847
https://americamotors.com/lexus/ux/JTHP3JBH9M2041590,JTHP3JBH9M2041590
https://americamotors.com/audi/q5/WA1FAAFY0N2111356,WA1FAAFY0N2111356
https://americamotors.com/ram/1500/1C6RR7FM0HS589784,1C6RR7FM0HS589784
https://americamotors.com/nissan/rogue/KNMAT2MT9GP647008,KNMAT2MT9GP647008
https://americamotors.com/kia/soul/KNDJN2A29K7682176,KNDJN2A29K7682176
https://americamotors.com/toyota/prius/JTDKN3DU3D5581513,JTDKN3DU3D5581513
https://americamotors.com/mazda/6/JM1GL1V54H1108868,JM1GL1V54H1108868
https://americamotors.com/chevrolet/blazer/3GNKBCRS7MS555266,3GNKBCRS7MS555266
https://americamotors.com/honda/cr-v/5J6RE4H35BL049527,5J6RE4H35BL049527
https://americamotors.com/porsche/cayenne/WP1AB2A24FLA56815,WP1AB2A24FLA56815
https://americamotors.com/chevrolet/impala/2G1WB5EK0A1217946,2G1WB5EK0A1217946
https://americamotors.com/chevrolet/silverado/3GCUKREC2EG166851,3GCUKREC2EG166851
https://americamotors.com/infiniti/q50/JN1BV7AR8EM702392,JN1BV7AR8EM702392
https://americamotors.com/nissan/rogue/5N1AT2MT4EC775639,5N1AT2MT4EC775639
https://americamotors.com/lexus/gs/JTHCZ1BL1GA001306,JTHCZ1BL1GA001306
https://americamotors.com/chevrolet/equinox/2GNALBEK9D6430020,2GNALBEK9D6430020
https://americamotors.com/jeep/grand/1C4RJFAG4HC890015,1C4RJFAG4HC890015
https://americamotors.com/nissan/sentra/3N1AB8CV2LY312712,3N1AB8CV2LY312712
https://americamotors.com/hyundai/sonata/5NPEG4JA4LH011509,5NPEG4JA4LH011509
https://americamotors.com/hyundai/elantra/5NPDH4AE2DH244415,5NPDH4AE2DH244415
https://americamotors.com/kia/soul/KNDJP3A57G7307095,KNDJP3A57G7307095
https://americamotors.com/chevrolet/malibu/1G11C5SA6DF254063,1G11C5SA6DF254063
https://americamotors.com/nissan/altima/1N4AL3AP7FC183323,1N4AL3AP7FC183323
https://americamotors.com/honda/odyssey/5FNRL5H47FB009825,5FNRL5H47FB009825
https://americamotors.com/nissan/versa/3N1CN7AP9HL860242,3N1CN7AP9HL860242
https://americamotors.com/bmw/x3/5UXTR9C5XJLC81420,5UXTR9C5XJLC81420
https://americamotors.com/chevrolet/cruze/1G1PG5SB3F7240366,1G1PG5SB3F7240366
https://americamotors.com/cadillac/cts/1G6DS5ED3B0171657,1G6DS5ED3B0171657
https://americamotors.com/ford/f150/1FTEW1CP1KFA28716,1FTEW1CP1KFA28716
https://americamotors.com/ford/explorer/1FM5K8FH5JGC07502,1FM5K8FH5JGC07502
https://americamotors.com/chevrolet/malibu/1G1ZD5ST7MF028177,1G1ZD5ST7MF028177
https://americamotors.com/dodge/grand/2D4RN3DGXBR764872,2D4RN3DGXBR764872
https://americamotors.com/dodge/grand/2D4RN3DGXBR764872,2D4RN3DGXBR764872
https://americamotors.com/chevrolet/malibu/1G1ZE5ST8HF246020,1G1ZE5ST8HF246020
https://americamotors.com/chevrolet/cruze/1G1PC5SH8C7174666,1G1PC5SH8C7174666
https://americamotors.com/toyota/corolla/JTNK4RBE6K3059142,JTNK4RBE6K3059142
https://americamotors.com/ford/f150/1FTFW1EF3CFC41936,1FTFW1EF3CFC41936
https://americamotors.com/kia/forte/3KPFK4A70HE112212,3KPFK4A70HE112212
https://americamotors.com/ford/taurus/1FAHP2D8XFG189255,1FAHP2D8XFG189255
https://americamotors.com/toyota/avalon/4T1BZ1FB6KU003022,4T1BZ1FB6KU003022
https://americamotors.com/kia/sedona/KNDMA5C17H6281058,KNDMA5C17H6281058
https://americamotors.com/kia/sportage/KNDPB3AC3E7548897,KNDPB3AC3E7548897
https://americamotors.com/toyota/rav4/2T3RFREV3GW431615,2T3RFREV3GW431615
https://americamotors.com/honda/fit/JHMGE8H44AC013581,JHMGE8H44AC013581
https://americamotors.com/volkswagen/jetta/3VWC57BU8KM273255,3VWC57BU8KM273255
https://americamotors.com/nissan/altima/1N4AL3AP3FC175171,1N4AL3AP3FC175171
https://americamotors.com/mazda/3/JM1BPACLXL1166895,JM1BPACLXL1166895
https://americamotors.com/dodge/nitro/1D4PU2GK7BW525436,1D4PU2GK7BW525436
https://americamotors.com/chevrolet/equinox/2GNALBEK8F6324838,2GNALBEK8F6324838
https://americamotors.com/ford/f150/1FTMF1CW9AKA46485,1FTMF1CW9AKA46485
https://americamotors.com/nissan/rogue/JN8AT2MTXHW137715,JN8AT2MTXHW137715
https://americamotors.com/chevrolet/express/1GAZGPFG8G1270574,1GAZGPFG8G1270574
https://americamotors.com/hyundai/santa/5NMS2DAJ7MH347607,5NMS2DAJ7MH347607
https://americamotors.com/toyota/avalon/4T1BK1EB5EU127048,4T1BK1EB5EU127048
https://americamotors.com/honda/pilot/5FNYF4H5XCB061113,5FNYF4H5XCB061113
https://americamotors.com/honda/civic/19XFB2F53EE080315,19XFB2F53EE080315
https://americamotors.com/chevrolet/malibu/1G1ZB5ST2HF245311,1G1ZB5ST2HF245311
https://americamotors.com/ford/escape/1FMCU0F71HUC66276,1FMCU0F71HUC66276
https://americamotors.com/mitsubishi/outlander/4A4AR4AU6FE031325,4A4AR4AU6FE031325
https://americamotors.com/ford/escape/1FMCU9GD9HUD94273,1FMCU9GD9HUD94273
https://americamotors.com/toyota/4runner/JTENU5JR3N5981113,JTENU5JR3N5981113
https://americamotors.com/nissan/maxima/1N4AA6AP0JC395075,1N4AA6AP0JC395075
https://americamotors.com/ford/escape/1FMCU0G78FUA24886,1FMCU0G78FUA24886
https://americamotors.com/toyota/prius/JTDKDTB33G1117940,JTDKDTB33G1117940
https://americamotors.com/ford/escape/1FMCU9J94LUA11207,1FMCU9J94LUA11207
https://americamotors.com/volkswagen/jetta/3VWDX7AJ5DM262223,3VWDX7AJ5DM262223
https://americamotors.com/ford/focus/1FADP3FE4JL222824,1FADP3FE4JL222824
https://americamotors.com/bmw/4_series/WBA4W3C59JAB87176,WBA4W3C59JAB87176
https://americamotors.com/chevrolet/trax/3GNCJKSB8GL141780,3GNCJKSB8GL141780
https://americamotors.com/dodge/charger/2C3CDXGJ3JH115069,2C3CDXGJ3JH115069
https://americamotors.com/lexus/rc/JTHSE5BCXF5002525,JTHSE5BCXF5002525
https://americamotors.com/ford/mustang/1FA6P8TH0J5120686,1FA6P8TH0J5120686
https://americamotors.com/toyota/4runner/JTEBU5JR8E5164352,JTEBU5JR8E5164352
https://americamotors.com/kia/soul/KNDJP3A5XF7798728,KNDJP3A5XF7798728
https://americamotors.com/toyota/rav4/2T3EWRFV5LW079354,2T3EWRFV5LW079354
https://americamotors.com/chevrolet/malibu/1G1ZC5ST6KF138055,1G1ZC5ST6KF138055
https://americamotors.com/chevrolet/silverado/3GCUKREH7FG170598,3GCUKREH7FG170598
https://americamotors.com/jeep/renegade/ZACCJBDT4FPC22716,ZACCJBDT4FPC22716
https://americamotors.com/ford/mustang/1FA6P8CF4L5182254,1FA6P8CF4L5182254
https://americamotors.com/nissan/sentra/3N1AB7AP6EY321981,3N1AB7AP6EY321981
https://americamotors.com/chevrolet/cruze/1G1BE5SM2G7295250,1G1BE5SM2G7295250
https://americamotors.com/nissan/murano/JN8AZ1MU0EW401764,JN8AZ1MU0EW401764
https://americamotors.com/cadillac/srx/3GYFNAE39CS518913,3GYFNAE39CS518913
https://americamotors.com/lincoln/mkx/2LMTJ6LR1GBL26468,2LMTJ6LR1GBL26468
https://americamotors.com/cadillac/xts/2G61M5S32F9172514,2G61M5S32F9172514
https://americamotors.com/toyota/sienna/5TDKK3DC8BS038911,5TDKK3DC8BS038911
https://americamotors.com/kia/sportage/KNDP63ACXL7694683,KNDP63ACXL7694683
https://americamotors.com/chevrolet/impala/1G1115S36GU140300,1G1115S36GU140300
https://americamotors.com/honda/civic/2HGFC2F8XKH572655,2HGFC2F8XKH572655
https://americamotors.com/volkswagen/jetta/3VWDZ7AJ7BM340122,3VWDZ7AJ7BM340122
https://americamotors.com/lexus/rx/2T2BK1BA3AC031759,2T2BK1BA3AC031759
https://americamotors.com/chevrolet/malibu/1G1ZD5ST4KF138911,1G1ZD5ST4KF138911
